,mpg,cylinders,displacement,horsepower,weight,acceleration,model_year,origin,car_name,Indexes
0,18.0,8,307.0,130.0,3504.0,12.0,70,1,chevrolet chevelle malibu,-1
1,15.0,8,350.0,165.0,3693.0,11.5,70,1,buick skylark 320,-1
2,18.0,8,318.0,150.0,3436.0,11.0,70,1,plymouth satellite,-1
3,16.0,8,304.0,150.0,3433.0,12.0,70,1,amc rebel sst,-1
4,17.0,8,302.0,140.0,3449.0,10.5,70,1,ford torino,-1
5,15.0,8,429.0,198.0,4341.0,10.0,70,1,ford galaxie 500,-1
6,14.0,8,454.0,220.0,4354.0,9.0,70,1,chevrolet impala,-1
7,14.0,8,440.0,215.0,4312.0,8.5,70,1,plymouth fury iii,-1
8,14.0,8,455.0,225.0,4425.0,10.0,70,1,pontiac catalina,-1
9,15.0,8,390.0,190.0,3850.0,8.5,70,1,amc ambassador dpl,-1
10,15.0,8,383.0,170.0,3563.0,10.0,70,1,dodge challenger se,-1
11,14.0,8,340.0,160.0,3609.0,8.0,70,1,plymouth 'cuda 340,-1
12,15.0,8,400.0,150.0,3761.0,9.5,70,1,chevrolet monte carlo,-1
13,14.0,8,455.0,225.0,3086.0,10.0,70,1,buick estate wagon (sw),-1
14,24.0,4,113.0,95.0,2372.0,15.0,70,3,toyota corona mark ii,-1
15,22.0,6,198.0,95.0,2833.0,15.5,70,1,plymouth duster,-1
16,18.0,6,199.0,97.0,2774.0,15.5,70,1,amc hornet,-1
17,21.0,6,200.0,85.0,2587.0,16.0,70,1,ford maverick,-1
18,27.0,4,97.0,88.0,2130.0,14.5,70,3,datsun pl510,-1
19,26.0,4,97.0,46.0,1835.0,20.5,70,2,volkswagen 1131 deluxe sedan,-1
20,25.0,4,110.0,87.0,2672.0,17.5,70,2,peugeot 504,-1
21,24.0,4,107.0,90.0,2430.0,14.5,70,2,audi 100 ls,-1
22,25.0,4,104.0,95.0,2375.0,17.5,70,2,saab 99e,-1
23,26.0,4,121.0,113.0,2234.0,12.5,70,2,bmw 2002,-1
24,21.0,6,199.0,90.0,2648.0,15.0,70,1,amc gremlin,-1
25,10.0,8,360.0,215.0,4615.0,14.0,70,1,ford f250,-1
26,10.0,8,307.0,200.0,4376.0,15.0,70,1,chevy c20,-1
27,11.0,8,318.0,210.0,4382.0,13.5,70,1,dodge d200,-1
28,9.0,8,304.0,193.0,4732.0,18.5,70,1,hi 1200d,-1
29,27.0,4,97.0,88.0,2130.0,14.5,71,3,datsun pl510,-1
30,28.0,4,140.0,90.0,2264.0,15.5,71,1,chevrolet vega 2300,-1
31,25.0,4,113.0,95.0,2228.0,14.0,71,3,toyota corona,-1
33,19.0,6,232.0,100.0,2634.0,13.0,71,1,amc gremlin,-1
34,16.0,6,225.0,105.0,3439.0,15.5,71,1,plymouth satellite custom,-1
35,17.0,6,250.0,100.0,3329.0,15.5,71,1,chevrolet chevelle malibu,-1
36,19.0,6,250.0,88.0,3302.0,15.5,71,1,ford torino 500,-1
37,18.0,6,232.0,100.0,3288.0,15.5,71,1,amc matador,-1
38,14.0,8,350.0,165.0,4209.0,12.0,71,1,chevrolet impala,-1
39,14.0,8,400.0,175.0,4464.0,11.5,71,1,pontiac catalina brougham,-1
40,14.0,8,351.0,153.0,4154.0,13.5,71,1,ford galaxie 500,-1
41,14.0,8,318.0,150.0,4096.0,13.0,71,1,plymouth fury iii,-1
42,12.0,8,383.0,180.0,4955.0,11.5,71,1,dodge monaco (sw),-1
43,13.0,8,400.0,170.0,4746.0,12.0,71,1,ford country squire (sw),-1
44,13.0,8,400.0,175.0,5140.0,12.0,71,1,pontiac safari (sw),-1
45,18.0,6,258.0,110.0,2962.0,13.5,71,1,amc hornet sportabout (sw),-1
46,22.0,4,140.0,72.0,2408.0,19.0,71,1,chevrolet vega (sw),-1
47,19.0,6,250.0,100.0,3282.0,15.0,71,1,pontiac firebird,-1
48,18.0,6,250.0,88.0,3139.0,14.5,71,1,ford mustang,-1
49,23.0,4,122.0,86.0,2220.0,14.0,71,1,mercury capri 2000,-1
50,28.0,4,116.0,90.0,2123.0,14.0,71,2,opel 1900,-1
51,30.0,4,79.0,70.0,2074.0,19.5,71,2,peugeot 304,-1
52,30.0,4,88.0,76.0,2065.0,14.5,71,2,fiat 124b,-1
53,31.0,4,71.0,65.0,1773.0,19.0,71,3,toyota corolla 1200,-1
54,35.0,4,72.0,69.0,1613.0,18.0,71,3,datsun 1200,-1
55,27.0,4,97.0,60.0,1834.0,19.0,71,2,volkswagen model 111,-1
56,26.0,4,91.0,70.0,1955.0,20.5,71,1,plymouth cricket,-1
57,24.0,4,113.0,95.0,2278.0,15.5,72,3,toyota corona hardtop,-1
58,25.0,4,97.5,80.0,2126.0,17.0,72,1,dodge colt hardtop,-1
59,23.0,4,97.0,54.0,2254.0,23.5,72,2,volkswagen type 3,-1
60,20.0,4,140.0,90.0,2408.0,19.5,72,1,chevrolet vega,-1
61,21.0,4,122.0,86.0,2226.0,16.5,72,1,ford pinto runabout,-1
62,13.0,8,350.0,165.0,4274.0,12.0,72,1,chevrolet impala,-1
63,14.0,8,400.0,175.0,4385.0,12.0,72,1,pontiac catalina,-1
64,15.0,8,318.0,150.0,4135.0,13.5,72,1,plymouth fury iii,-1
65,14.0,8,351.0,153.0,4129.0,13.0,72,1,ford galaxie 500,-1
66,17.0,8,304.0,150.0,3672.0,11.5,72,1,amc ambassador sst,-1
67,11.0,8,429.0,208.0,4633.0,11.0,72,1,mercury marquis,-1
68,13.0,8,350.0,155.0,4502.0,13.5,72,1,buick lesabre custom,-1
69,12.0,8,350.0,160.0,4456.0,13.5,72,1,oldsmobile delta 88 royale,-1
70,13.0,8,400.0,190.0,4422.0,12.5,72,1,chrysler newport royal,-1
71,19.0,3,70.0,97.0,2330.0,13.5,72,3,mazda rx2 coupe,-1
72,15.0,8,304.0,150.0,3892.0,12.5,72,1,amc matador (sw),-1
73,13.0,8,307.0,130.0,4098.0,14.0,72,1,chevrolet chevelle concours (sw),-1
74,13.0,8,302.0,140.0,4294.0,16.0,72,1,ford gran torino (sw),-1
75,14.0,8,318.0,150.0,4077.0,14.0,72,1,plymouth satellite custom (sw),-1
76,18.0,4,121.0,112.0,2933.0,14.5,72,2,volvo 145e (sw),-1
77,22.0,4,121.0,76.0,2511.0,18.0,72,2,volkswagen 411 (sw),-1
78,21.0,4,120.0,87.0,2979.0,19.5,72,2,peugeot 504 (sw),-1
79,26.0,4,96.0,69.0,2189.0,18.0,72,2,renault 12 (sw),-1
80,22.0,4,122.0,86.0,2395.0,16.0,72,1,ford pinto (sw),-1
81,28.0,4,97.0,92.0,2288.0,17.0,72,3,datsun 510 (sw),-1
82,23.0,4,120.0,97.0,2506.0,14.5,72,3,toyouta corona mark ii (sw),-1
83,28.0,4,98.0,80.0,2164.0,15.0,72,1,dodge colt (sw),-1
84,27.0,4,97.0,88.0,2100.0,16.5,72,3,toyota corolla 1600 (sw),-1
85,13.0,8,350.0,175.0,4100.0,13.0,73,1,buick century 350,-1
86,14.0,8,304.0,150.0,3672.0,11.5,73,1,amc matador,-1
87,13.0,8,350.0,145.0,3988.0,13.0,73,1,chevrolet malibu,-1
88,14.0,8,302.0,137.0,4042.0,14.5,73,1,ford gran torino,-1
89,15.0,8,318.0,150.0,3777.0,12.5,73,1,dodge coronet custom,-1
90,12.0,8,429.0,198.0,4952.0,11.5,73,1,mercury marquis brougham,-1
91,13.0,8,400.0,150.0,4464.0,12.0,73,1,chevrolet caprice classic,-1
92,13.0,8,351.0,158.0,4363.0,13.0,73,1,ford ltd,-1
93,14.0,8,318.0,150.0,4237.0,14.5,73,1,plymouth fury gran sedan,-1
94,13.0,8,440.0,215.0,4735.0,11.0,73,1,chrysler new yorker brougham,-1
95,12.0,8,455.0,225.0,4951.0,11.0,73,1,buick electra 225 custom,-1
96,13.0,8,360.0,175.0,3821.0,11.0,73,1,amc ambassador brougham,-1
97,18.0,6,225.0,105.0,3121.0,16.5,73,1,plymouth valiant,-1
98,16.0,6,250.0,100.0,3278.0,18.0,73,1,chevrolet nova custom,-1
99,18.0,6,232.0,100.0,2945.0,16.0,73,1,amc hornet,-1
100,18.0,6,250.0,88.0,3021.0,16.5,73,1,ford maverick,-1
101,23.0,6,198.0,95.0,2904.0,16.0,73,1,plymouth duster,-1
102,26.0,4,97.0,46.0,1950.0,21.0,73,2,volkswagen super beetle,-1
103,11.0,8,400.0,150.0,4997.0,14.0,73,1,chevrolet impala,-1
104,12.0,8,400.0,167.0,4906.0,12.5,73,1,ford country,-1
105,13.0,8,360.0,170.0,4654.0,13.0,73,1,plymouth custom suburb,-1
106,12.0,8,350.0,180.0,4499.0,12.5,73,1,oldsmobile vista cruiser,-1
107,18.0,6,232.0,100.0,2789.0,15.0,73,1,amc gremlin,-1
108,20.0,4,97.0,88.0,2279.0,19.0,73,3,toyota carina,-1
109,21.0,4,140.0,72.0,2401.0,19.5,73,1,chevrolet vega,-1
110,22.0,4,108.0,94.0,2379.0,16.5,73,3,datsun 610,-1
111,18.0,3,70.0,90.0,2124.0,13.5,73,3,maxda rx3,-1
112,19.0,4,122.0,85.0,2310.0,18.5,73,1,ford pinto,-1
113,21.0,6,155.0,107.0,2472.0,14.0,73,1,mercury capri v6,-1
114,26.0,4,98.0,90.0,2265.0,15.5,73,2,fiat 124 sport coupe,-1
115,15.0,8,350.0,145.0,4082.0,13.0,73,1,chevrolet monte carlo s,-1
116,16.0,8,400.0,230.0,4278.0,9.5,73,1,pontiac grand prix,-1
117,29.0,4,68.0,49.0,1867.0,19.5,73,2,fiat 128,-1
118,24.0,4,116.0,75.0,2158.0,15.5,73,2,opel manta,-1
119,20.0,4,114.0,91.0,2582.0,14.0,73,2,audi 100ls,-1
120,19.0,4,121.0,112.0,2868.0,15.5,73,2,volvo 144ea,-1
121,15.0,8,318.0,150.0,3399.0,11.0,73,1,dodge dart custom,-1
122,24.0,4,121.0,110.0,2660.0,14.0,73,2,saab 99le,-1
123,20.0,6,156.0,122.0,2807.0,13.5,73,3,toyota mark ii,-1
124,11.0,8,350.0,180.0,3664.0,11.0,73,1,oldsmobile omega,-1
125,20.0,6,198.0,95.0,3102.0,16.5,74,1,plymouth duster,-1
127,19.0,6,232.0,100.0,2901.0,16.0,74,1,amc hornet,-1
128,15.0,6,250.0,100.0,3336.0,17.0,74,1,chevrolet nova,-1
129,31.0,4,79.0,67.0,1950.0,19.0,74,3,datsun b210,-1
130,26.0,4,122.0,80.0,2451.0,16.5,74,1,ford pinto,-1
131,32.0,4,71.0,65.0,1836.0,21.0,74,3,toyota corolla 1200,-1
132,25.0,4,140.0,75.0,2542.0,17.0,74,1,chevrolet vega,-1
133,16.0,6,250.0,100.0,3781.0,17.0,74,1,chevrolet chevelle malibu classic,-1
134,16.0,6,258.0,110.0,3632.0,18.0,74,1,amc matador,-1
135,18.0,6,225.0,105.0,3613.0,16.5,74,1,plymouth satellite sebring,-1
136,16.0,8,302.0,140.0,4141.0,14.0,74,1,ford gran torino,-1
137,13.0,8,350.0,150.0,4699.0,14.5,74,1,buick century luxus (sw),-1
138,14.0,8,318.0,150.0,4457.0,13.5,74,1,dodge coronet custom (sw),-1
139,14.0,8,302.0,140.0,4638.0,16.0,74,1,ford gran torino (sw),-1
140,14.0,8,304.0,150.0,4257.0,15.5,74,1,amc matador (sw),-1
141,29.0,4,98.0,83.0,2219.0,16.5,74,2,audi fox,-1
142,26.0,4,79.0,67.0,1963.0,15.5,74,2,volkswagen dasher,-1
143,26.0,4,97.0,78.0,2300.0,14.5,74,2,opel manta,-1
144,31.0,4,76.0,52.0,1649.0,16.5,74,3,toyota corona,-1
145,32.0,4,83.0,61.0,2003.0,19.0,74,3,datsun 710,-1
146,28.0,4,90.0,75.0,2125.0,14.5,74,1,dodge colt,-1
147,24.0,4,90.0,75.0,2108.0,15.5,74,2,fiat 128,-1
148,26.0,4,116.0,75.0,2246.0,14.0,74,2,fiat 124 tc,-1
149,24.0,4,120.0,97.0,2489.0,15.0,74,3,honda civic,-1
150,26.0,4,108.0,93.0,2391.0,15.5,74,3,subaru,-1
151,31.0,4,79.0,67.0,2000.0,16.0,74,2,fiat x1.9,-1
152,19.0,6,225.0,95.0,3264.0,16.0,75,1,plymouth valiant custom,-1
153,18.0,6,250.0,105.0,3459.0,16.0,75,1,chevrolet nova,-1
154,15.0,6,250.0,72.0,3432.0,21.0,75,1,mercury monarch,-1
155,15.0,6,250.0,72.0,3158.0,19.5,75,1,ford maverick,-1
156,16.0,8,400.0,170.0,4668.0,11.5,75,1,pontiac catalina,-1
157,15.0,8,350.0,145.0,4440.0,14.0,75,1,chevrolet bel air,-1
158,16.0,8,318.0,150.0,4498.0,14.5,75,1,plymouth grand fury,-1
159,14.0,8,351.0,148.0,4657.0,13.5,75,1,ford ltd,-1
160,17.0,6,231.0,110.0,3907.0,21.0,75,1,buick century,-1
161,16.0,6,250.0,105.0,3897.0,18.5,75,1,chevroelt chevelle malibu,-1
162,15.0,6,258.0,110.0,3730.0,19.0,75,1,amc matador,-1
163,18.0,6,225.0,95.0,3785.0,19.0,75,1,plymouth fury,-1
164,21.0,6,231.0,110.0,3039.0,15.0,75,1,buick skyhawk,-1
165,20.0,8,262.0,110.0,3221.0,13.5,75,1,chevrolet monza 2+2,-1
166,13.0,8,302.0,129.0,3169.0,12.0,75,1,ford mustang ii,-1
167,29.0,4,97.0,75.0,2171.0,16.0,75,3,toyota corolla,-1
168,23.0,4,140.0,83.0,2639.0,17.0,75,1,ford pinto,-1
169,20.0,6,232.0,100.0,2914.0,16.0,75,1,amc gremlin,-1
170,23.0,4,140.0,78.0,2592.0,18.5,75,1,pontiac astro,-1
171,24.0,4,134.0,96.0,2702.0,13.5,75,3,toyota corona,-1
172,25.0,4,90.0,71.0,2223.0,16.5,75,2,volkswagen dasher,-1
173,24.0,4,119.0,97.0,2545.0,17.0,75,3,datsun 710,-1
174,18.0,6,171.0,97.0,2984.0,14.5,75,1,ford pinto,-1
175,29.0,4,90.0,70.0,1937.0,14.0,75,2,volkswagen rabbit,-1
176,19.0,6,232.0,90.0,3211.0,17.0,75,1,amc pacer,-1
177,23.0,4,115.0,95.0,2694.0,15.0,75,2,audi 100ls,-1
178,23.0,4,120.0,88.0,2957.0,17.0,75,2,peugeot 504,-1
179,22.0,4,121.0,98.0,2945.0,14.5,75,2,volvo 244dl,-1
180,25.0,4,121.0,115.0,2671.0,13.5,75,2,saab 99le,-1
181,33.0,4,91.0,53.0,1795.0,17.5,75,3,honda civic cvcc,-1
182,28.0,4,107.0,86.0,2464.0,15.5,76,2,fiat 131,-1
183,25.0,4,116.0,81.0,2220.0,16.9,76,2,opel 1900,-1
184,25.0,4,140.0,92.0,2572.0,14.9,76,1,capri ii,-1
185,26.0,4,98.0,79.0,2255.0,17.7,76,1,dodge colt,-1
186,27.0,4,101.0,83.0,2202.0,15.3,76,2,renault 12tl,-1
187,17.5,8,305.0,140.0,4215.0,13.0,76,1,chevrolet chevelle malibu classic,-1
188,16.0,8,318.0,150.0,4190.0,13.0,76,1,dodge coronet brougham,-1
189,15.5,8,304.0,120.0,3962.0,13.9,76,1,amc matador,-1
190,14.5,8,351.0,152.0,4215.0,12.8,76,1,ford gran torino,-1
191,22.0,6,225.0,100.0,3233.0,15.4,76,1,plymouth valiant,-1
192,22.0,6,250.0,105.0,3353.0,14.5,76,1,chevrolet nova,-1
193,24.0,6,200.0,81.0,3012.0,17.6,76,1,ford maverick,-1
194,22.5,6,232.0,90.0,3085.0,17.6,76,1,amc hornet,-1
195,29.0,4,85.0,52.0,2035.0,22.2,76,1,chevrolet chevette,-1
196,24.5,4,98.0,60.0,2164.0,22.1,76,1,chevrolet woody,-1
197,29.0,4,90.0,70.0,1937.0,14.2,76,2,vw rabbit,-1
198,33.0,4,91.0,53.0,1795.0,17.4,76,3,honda civic,-1
199,20.0,6,225.0,100.0,3651.0,17.7,76,1,dodge aspen se,-1
200,18.0,6,250.0,78.0,3574.0,21.0,76,1,ford granada ghia,-1
201,18.5,6,250.0,110.0,3645.0,16.2,76,1,pontiac ventura sj,-1
202,17.5,6,258.0,95.0,3193.0,17.8,76,1,amc pacer d/l,-1
203,29.5,4,97.0,71.0,1825.0,12.2,76,2,volkswagen rabbit,-1
204,32.0,4,85.0,70.0,1990.0,17.0,76,3,datsun b-210,-1
205,28.0,4,97.0,75.0,2155.0,16.4,76,3,toyota corolla,-1
206,26.5,4,140.0,72.0,2565.0,13.6,76,1,ford pinto,-1
207,20.0,4,130.0,102.0,3150.0,15.7,76,2,volvo 245,-1
208,13.0,8,318.0,150.0,3940.0,13.2,76,1,plymouth volare premier v8,-1
209,19.0,4,120.0,88.0,3270.0,21.9,76,2,peugeot 504,-1
210,19.0,6,156.0,108.0,2930.0,15.5,76,3,toyota mark ii,-1
211,16.5,6,168.0,120.0,3820.0,16.7,76,2,mercedes-benz 280s,-1
212,16.5,8,350.0,180.0,4380.0,12.1,76,1,cadillac seville,-1
213,13.0,8,350.0,145.0,4055.0,12.0,76,1,chevy c10,-1
214,13.0,8,302.0,130.0,3870.0,15.0,76,1,ford f108,-1
215,13.0,8,318.0,150.0,3755.0,14.0,76,1,dodge d100,-1
216,31.5,4,98.0,68.0,2045.0,18.5,77,3,honda accord cvcc,-1
217,30.0,4,111.0,80.0,2155.0,14.8,77,1,buick opel isuzu deluxe,-1
218,36.0,4,79.0,58.0,1825.0,18.6,77,2,renault 5 gtl,-1
219,25.5,4,122.0,96.0,2300.0,15.5,77,1,plymouth arrow gs,-1
220,33.5,4,85.0,70.0,1945.0,16.8,77,3,datsun f-10 hatchback,-1
221,17.5,8,305.0,145.0,3880.0,12.5,77,1,chevrolet caprice classic,-1
222,17.0,8,260.0,110.0,4060.0,19.0,77,1,oldsmobile cutlass supreme,-1
223,15.5,8,318.0,145.0,4140.0,13.7,77,1,dodge monaco brougham,-1
224,15.0,8,302.0,130.0,4295.0,14.9,77,1,mercury cougar brougham,-1
225,17.5,6,250.0,110.0,3520.0,16.4,77,1,chevrolet concours,-1
226,20.5,6,231.0,105.0,3425.0,16.9,77,1,buick skylark,-1
227,19.0,6,225.0,100.0,3630.0,17.7,77,1,plymouth volare custom,-1
228,18.5,6,250.0,98.0,3525.0,19.0,77,1,ford granada,-1
229,16.0,8,400.0,180.0,4220.0,11.1,77,1,pontiac grand prix lj,-1
230,15.5,8,350.0,170.0,4165.0,11.4,77,1,chevrolet monte carlo landau,-1
231,15.5,8,400.0,190.0,4325.0,12.2,77,1,chrysler cordoba,-1
232,16.0,8,351.0,149.0,4335.0,14.5,77,1,ford thunderbird,-1
233,29.0,4,97.0,78.0,1940.0,14.5,77,2,volkswagen rabbit custom,-1
234,24.5,4,151.0,88.0,2740.0,16.0,77,1,pontiac sunbird coupe,-1
235,26.0,4,97.0,75.0,2265.0,18.2,77,3,toyota corolla liftback,-1
236,25.5,4,140.0,89.0,2755.0,15.8,77,1,ford mustang ii 2+2,-1
237,30.5,4,98.0,63.0,2051.0,17.0,77,1,chevrolet chevette,-1
238,33.5,4,98.0,83.0,2075.0,15.9,77,1,dodge colt m/m,-1
239,30.0,4,97.0,67.0,1985.0,16.4,77,3,subaru dl,-1
240,30.5,4,97.0,78.0,2190.0,14.1,77,2,volkswagen dasher,-1
241,22.0,6,146.0,97.0,2815.0,14.5,77,3,datsun 810,-1
242,21.5,4,121.0,110.0,2600.0,12.8,77,2,bmw 320i,-1
243,21.5,3,80.0,110.0,2720.0,13.5,77,3,mazda rx-4,-1
244,43.1,4,90.0,48.0,1985.0,21.5,78,2,volkswagen rabbit custom diesel,-1
245,36.1,4,98.0,66.0,1800.0,14.4,78,1,ford fiesta,-1
246,32.8,4,78.0,52.0,1985.0,19.4,78,3,mazda glc deluxe,-1
247,39.4,4,85.0,70.0,2070.0,18.6,78,3,datsun b210 gx,-1
248,36.1,4,91.0,60.0,1800.0,16.4,78,3,honda civic cvcc,-1
249,19.9,8,260.0,110.0,3365.0,15.5,78,1,oldsmobile cutlass salon brougham,-1
250,19.4,8,318.0,140.0,3735.0,13.2,78,1,dodge diplomat,-1
251,20.2,8,302.0,139.0,3570.0,12.8,78,1,mercury monarch ghia,-1
252,19.2,6,231.0,105.0,3535.0,19.2,78,1,pontiac phoenix lj,-1
253,20.5,6,200.0,95.0,3155.0,18.2,78,1,chevrolet malibu,-1
254,20.2,6,200.0,85.0,2965.0,15.8,78,1,ford fairmont (auto),-1
255,25.1,4,140.0,88.0,2720.0,15.4,78,1,ford fairmont (man),-1
256,20.5,6,225.0,100.0,3430.0,17.2,78,1,plymouth volare,-1
257,19.4,6,232.0,90.0,3210.0,17.2,78,1,amc concord,-1
258,20.6,6,231.0,105.0,3380.0,15.8,78,1,buick century special,-1
259,20.8,6,200.0,85.0,3070.0,16.7,78,1,mercury zephyr,-1
260,18.6,6,225.0,110.0,3620.0,18.7,78,1,dodge aspen,-1
261,18.1,6,258.0,120.0,3410.0,15.1,78,1,amc concord d/l,-1
262,19.2,8,305.0,145.0,3425.0,13.2,78,1,chevrolet monte carlo landau,-1
263,17.7,6,231.0,165.0,3445.0,13.4,78,1,buick regal sport coupe (turbo),-1
264,18.1,8,302.0,139.0,3205.0,11.2,78,1,ford futura,-1
265,17.5,8,318.0,140.0,4080.0,13.7,78,1,dodge magnum xe,-1
266,30.0,4,98.0,68.0,2155.0,16.5,78,1,chevrolet chevette,-1
267,27.5,4,134.0,95.0,2560.0,14.2,78,3,toyota corona,-1
268,27.2,4,119.0,97.0,2300.0,14.7,78,3,datsun 510,-1
269,30.9,4,105.0,75.0,2230.0,14.5,78,1,dodge omni,-1
270,21.1,4,134.0,95.0,2515.0,14.8,78,3,toyota celica gt liftback,-1
271,23.2,4,156.0,105.0,2745.0,16.7,78,1,plymouth sapporo,-1
272,23.8,4,151.0,85.0,2855.0,17.6,78,1,oldsmobile starfire sx,-1
273,23.9,4,119.0,97.0,2405.0,14.9,78,3,datsun 200-sx,-1
274,20.3,5,131.0,103.0,2830.0,15.9,78,2,audi 5000,-1
275,17.0,6,163.0,125.0,3140.0,13.6,78,2,volvo 264gl,-1
276,21.6,4,121.0,115.0,2795.0,15.7,78,2,saab 99gle,-1
277,16.2,6,163.0,133.0,3410.0,15.8,78,2,peugeot 604sl,-1
278,31.5,4,89.0,71.0,1990.0,14.9,78,2,volkswagen scirocco,-1
279,29.5,4,98.0,68.0,2135.0,16.6,78,3,honda accord lx,-1
280,21.5,6,231.0,115.0,3245.0,15.4,79,1,pontiac lemans v6,-1
281,19.8,6,200.0,85.0,2990.0,18.2,79,1,mercury zephyr 6,-1
282,22.3,4,140.0,88.0,2890.0,17.3,79,1,ford fairmont 4,-1
283,20.2,6,232.0,90.0,3265.0,18.2,79,1,amc concord dl 6,-1
284,20.6,6,225.0,110.0,3360.0,16.6,79,1,dodge aspen 6,-1
285,17.0,8,305.0,130.0,3840.0,15.4,79,1,chevrolet caprice classic,-1
286,17.6,8,302.0,129.0,3725.0,13.4,79,1,ford ltd landau,-1
287,16.5,8,351.0,138.0,3955.0,13.2,79,1,mercury grand marquis,-1
288,18.2,8,318.0,135.0,3830.0,15.2,79,1,dodge st. regis,-1
289,16.9,8,350.0,155.0,4360.0,14.9,79,1,buick estate wagon (sw),-1
290,15.5,8,351.0,142.0,4054.0,14.3,79,1,ford country squire (sw),-1
291,19.2,8,267.0,125.0,3605.0,15.0,79,1,chevrolet malibu classic (sw),-1
292,18.5,8,360.0,150.0,3940.0,13.0,79,1,chrysler lebaron town @ country (sw),-1
293,31.9,4,89.0,71.0,1925.0,14.0,79,2,vw rabbit custom,-1
294,34.1,4,86.0,65.0,1975.0,15.2,79,3,maxda glc deluxe,-1
295,35.7,4,98.0,80.0,1915.0,14.4,79,1,dodge colt hatchback custom,-1
296,27.4,4,121.0,80.0,2670.0,15.0,79,1,amc spirit dl,-1
297,25.4,5,183.0,77.0,3530.0,20.1,79,2,mercedes benz 300d,-1
298,23.0,8,350.0,125.0,3900.0,17.4,79,1,cadillac eldorado,-1
299,27.2,4,141.0,71.0,3190.0,24.8,79,2,peugeot 504,-1
300,23.9,8,260.0,90.0,3420.0,22.2,79,1,oldsmobile cutlass salon brougham,-1
301,34.2,4,105.0,70.0,2200.0,13.2,79,1,plymouth horizon,-1
302,34.5,4,105.0,70.0,2150.0,14.9,79,1,plymouth horizon tc3,-1
303,31.8,4,85.0,65.0,2020.0,19.2,79,3,datsun 210,-1
304,37.3,4,91.0,69.0,2130.0,14.7,79,2,fiat strada custom,-1
305,28.4,4,151.0,90.0,2670.0,16.0,79,1,buick skylark limited,-1
306,28.8,6,173.0,115.0,2595.0,11.3,79,1,chevrolet citation,-1
307,26.8,6,173.0,115.0,2700.0,12.9,79,1,oldsmobile omega brougham,-1
308,33.5,4,151.0,90.0,2556.0,13.2,79,1,pontiac phoenix,-1
309,41.5,4,98.0,76.0,2144.0,14.7,80,2,vw rabbit,-1
310,38.1,4,89.0,60.0,1968.0,18.8,80,3,toyota corolla tercel,-1
311,32.1,4,98.0,70.0,2120.0,15.5,80,1,chevrolet chevette,-1
312,37.2,4,86.0,65.0,2019.0,16.4,80,3,datsun 310,-1
313,28.0,4,151.0,90.0,2678.0,16.5,80,1,chevrolet citation,-1
314,26.4,4,140.0,88.0,2870.0,18.1,80,1,ford fairmont,-1
315,24.3,4,151.0,90.0,3003.0,20.1,80,1,amc concord,-1
316,19.1,6,225.0,90.0,3381.0,18.7,80,1,dodge aspen,-1
317,34.3,4,97.0,78.0,2188.0,15.8,80,2,audi 4000,-1
318,29.8,4,134.0,90.0,2711.0,15.5,80,3,toyota corona liftback,-1
319,31.3,4,120.0,75.0,2542.0,17.5,80,3,mazda 626,-1
320,37.0,4,119.0,92.0,2434.0,15.0,80,3,datsun 510 hatchback,-1
321,32.2,4,108.0,75.0,2265.0,15.2,80,3,toyota corolla,-1
322,46.6,4,86.0,65.0,2110.0,17.9,80,3,mazda glc,-1
323,27.9,4,156.0,105.0,2800.0,14.4,80,1,dodge colt,-1
324,40.8,4,85.0,65.0,2110.0,19.2,80,3,datsun 210,-1
325,44.3,4,90.0,48.0,2085.0,21.7,80,2,vw rabbit c (diesel),-1
326,43.4,4,90.0,48.0,2335.0,23.7,80,2,vw dasher (diesel),-1
327,36.4,5,121.0,67.0,2950.0,19.9,80,2,audi 5000s (diesel),-1
328,30.0,4,146.0,67.0,3250.0,21.8,80,2,mercedes-benz 240d,-1
329,44.6,4,91.0,67.0,1850.0,13.8,80,3,honda civic 1500 gl,-1
331,33.8,4,97.0,67.0,2145.0,18.0,80,3,subaru dl,-1
332,29.8,4,89.0,62.0,1845.0,15.3,80,2,vokswagen rabbit,-1
333,32.7,6,168.0,132.0,2910.0,11.4,80,3,datsun 280-zx,-1
334,23.7,3,70.0,100.0,2420.0,12.5,80,3,mazda rx-7 gs,-1
335,35.0,4,122.0,88.0,2500.0,15.1,80,2,triumph tr7 coupe,-1
337,32.4,4,107.0,72.0,2290.0,17.0,80,3,honda accord,-1
338,27.2,4,135.0,84.0,2490.0,15.7,81,1,plymouth reliant,-1
339,26.6,4,151.0,84.0,2635.0,16.4,81,1,buick skylark,-1
340,25.8,4,156.0,92.0,2620.0,14.4,81,1,dodge aries wagon (sw),-1
341,23.5,6,173.0,110.0,2725.0,12.6,81,1,chevrolet citation,-1
342,30.0,4,135.0,84.0,2385.0,12.9,81,1,plymouth reliant,-1
343,39.1,4,79.0,58.0,1755.0,16.9,81,3,toyota starlet,-1
344,39.0,4,86.0,64.0,1875.0,16.4,81,1,plymouth champ,-1
345,35.1,4,81.0,60.0,1760.0,16.1,81,3,honda civic 1300,-1
346,32.3,4,97.0,67.0,2065.0,17.8,81,3,subaru,-1
347,37.0,4,85.0,65.0,1975.0,19.4,81,3,datsun 210 mpg,-1
348,37.7,4,89.0,62.0,2050.0,17.3,81,3,toyota tercel,-1
349,34.1,4,91.0,68.0,1985.0,16.0,81,3,mazda glc 4,-1
350,34.7,4,105.0,63.0,2215.0,14.9,81,1,plymouth horizon 4,-1
351,34.4,4,98.0,65.0,2045.0,16.2,81,1,ford escort 4w,-1
352,29.9,4,98.0,65.0,2380.0,20.7,81,1,ford escort 2h,-1
353,33.0,4,105.0,74.0,2190.0,14.2,81,2,volkswagen jetta,-1
355,33.7,4,107.0,75.0,2210.0,14.4,81,3,honda prelude,-1
356,32.4,4,108.0,75.0,2350.0,16.8,81,3,toyota corolla,-1
357,32.9,4,119.0,100.0,2615.0,14.8,81,3,datsun 200sx,-1
358,31.6,4,120.0,74.0,2635.0,18.3,81,3,mazda 626,-1
359,28.1,4,141.0,80.0,3230.0,20.4,81,2,peugeot 505s turbo diesel,-1
360,30.7,6,145.0,76.0,3160.0,19.6,81,2,volvo diesel,-1
361,25.4,6,168.0,116.0,2900.0,12.6,81,3,toyota cressida,-1
362,24.2,6,146.0,120.0,2930.0,13.8,81,3,datsun 810 maxima,-1
363,22.4,6,231.0,110.0,3415.0,15.8,81,1,buick century,-1
364,26.6,8,350.0,105.0,3725.0,19.0,81,1,oldsmobile cutlass ls,-1
365,20.2,6,200.0,88.0,3060.0,17.1,81,1,ford granada gl,-1
366,17.6,6,225.0,85.0,3465.0,16.6,81,1,chrysler lebaron salon,-1
367,28.0,4,112.0,88.0,2605.0,19.6,82,1,chevrolet cavalier,-1
368,27.0,4,112.0,88.0,2640.0,18.6,82,1,chevrolet cavalier wagon,-1
369,34.0,4,112.0,88.0,2395.0,18.0,82,1,chevrolet cavalier 2-door,-1
370,31.0,4,112.0,85.0,2575.0,16.2,82,1,pontiac j2000 se hatchback,-1
371,29.0,4,135.0,84.0,2525.0,16.0,82,1,dodge aries se,-1
372,27.0,4,151.0,90.0,2735.0,18.0,82,1,pontiac phoenix,-1
373,24.0,4,140.0,92.0,2865.0,16.4,82,1,ford fairmont futura,-1
375,36.0,4,105.0,74.0,1980.0,15.3,82,2,volkswagen rabbit l,-1
376,37.0,4,91.0,68.0,2025.0,18.2,82,3,mazda glc custom l,-1
377,31.0,4,91.0,68.0,1970.0,17.6,82,3,mazda glc custom,-1
378,38.0,4,105.0,63.0,2125.0,14.7,82,1,plymouth horizon miser,-1
379,36.0,4,98.0,70.0,2125.0,17.3,82,1,mercury lynx l,-1
380,36.0,4,120.0,88.0,2160.0,14.5,82,3,nissan stanza xe,-1
381,36.0,4,107.0,75.0,2205.0,14.5,82,3,honda accord,-1
382,34.0,4,108.0,70.0,2245.0,16.9,82,3,toyota corolla,-1
383,38.0,4,91.0,67.0,1965.0,15.0,82,3,honda civic,-1
384,32.0,4,91.0,67.0,1965.0,15.7,82,3,honda civic (auto),-1
385,38.0,4,91.0,67.0,1995.0,16.2,82,3,datsun 310 gx,-1
386,25.0,6,181.0,110.0,2945.0,16.4,82,1,buick century limited,-1
387,38.0,6,262.0,85.0,3015.0,17.0,82,1,oldsmobile cutlass ciera (diesel),-1
388,26.0,4,156.0,92.0,2585.0,14.5,82,1,chrysler lebaron medallion,-1
389,22.0,6,232.0,112.0,2835.0,14.7,82,1,ford granada l,-1
390,32.0,4,144.0,96.0,2665.0,13.9,82,3,toyota celica gt,-1
391,36.0,4,135.0,84.0,2370.0,13.0,82,1,dodge charger 2.2,-1
392,27.0,4,151.0,90.0,2950.0,17.3,82,1,chevrolet camaro,-1
393,27.0,4,140.0,86.0,2790.0,15.6,82,1,ford mustang gl,-1
394,44.0,4,97.0,52.0,2130.0,24.6,82,2,vw pickup,-1
395,32.0,4,135.0,84.0,2295.0,11.6,82,1,dodge rampage,-1
396,28.0,4,120.0,79.0,2625.0,18.6,82,1,ford ranger,-1
397,31.0,4,119.0,82.0,2720.0,19.4,82,1,chevy s-10,-1
